filename,length,chroma_stft_mean,chroma_stft_var,rms_mean,rms_var,spectral_centroid_mean,spectral_centroid_var,spectral_bandwidth_mean,spectral_bandwidth_var,rolloff_mean,rolloff_var,zero_crossing_rate_mean,zero_crossing_rate_var,harmony_mean,harmony_var,perceptr_mean,perceptr_var,tempo,mfcc1_mean,mfcc1_var,mfcc2_mean,mfcc2_var,mfcc3_mean,mfcc3_var,mfcc4_mean,mfcc4_var,mfcc5_mean,mfcc5_var,mfcc6_mean,mfcc6_var,mfcc7_mean,mfcc7_var,mfcc8_mean,mfcc8_var,mfcc9_mean,mfcc9_var,mfcc10_mean,mfcc10_var,mfcc11_mean,mfcc11_var,mfcc12_mean,mfcc12_var,mfcc13_mean,mfcc13_var,mfcc14_mean,mfcc14_var,mfcc15_mean,mfcc15_var,mfcc16_mean,mfcc16_var,mfcc17_mean,mfcc17_var,mfcc18_mean,mfcc18_var,mfcc19_mean,mfcc19_var,mfcc20_mean,mfcc20_var,label
GeorgeBalanchine'sTheNutcracker-ActIMarch(OfficialAudio)-[AudioTrimmer.com].0.wav,66149,0.22502969,0.08367429,0.020427307,0.0001757173,953.262279475836,11406.480133908106,960.534040718735,16391.629073767606,1500.4501577524038,44429.35632745895,0.06280423677884615,0.000242322281267516,-5.3118574e-06,0.0005523241,-4.6608825e-06,1.1097737e-05,135.99917763157896,-424.20523,2447.9797,183.29092,252.85866,-34.403824,594.7744,-24.74251,146.10104,-4.809648,82.34009,-13.64354,62.637764,-17.691914,31.828083,-22.954147,36.29832,-19.617743,104.81626,-11.03121,45.40205,-0.50408816,53.322937,5.99865,46.11781,9.775519,88.65979,12.596554,134.91629,7.2987313,58.171875,4.2703567,23.101807,11.317146,37.248596,15.632076,83.048035,10.66138,37.608654,5.9451437,42.784065,