filename,length,chroma_stft_mean,chroma_stft_var,rms_mean,rms_var,spectral_centroid_mean,spectral_centroid_var,spectral_bandwidth_mean,spectral_bandwidth_var,rolloff_mean,rolloff_var,zero_crossing_rate_mean,zero_crossing_rate_var,harmony_mean,harmony_var,perceptr_mean,perceptr_var,tempo,mfcc1_mean,mfcc1_var,mfcc2_mean,mfcc2_var,mfcc3_mean,mfcc3_var,mfcc4_mean,mfcc4_var,mfcc5_mean,mfcc5_var,mfcc6_mean,mfcc6_var,mfcc7_mean,mfcc7_var,mfcc8_mean,mfcc8_var,mfcc9_mean,mfcc9_var,mfcc10_mean,mfcc10_var,mfcc11_mean,mfcc11_var,mfcc12_mean,mfcc12_var,mfcc13_mean,mfcc13_var,mfcc14_mean,mfcc14_var,mfcc15_mean,mfcc15_var,mfcc16_mean,mfcc16_var,mfcc17_mean,mfcc17_var,mfcc18_mean,mfcc18_var,mfcc19_mean,mfcc19_var,mfcc20_mean,mfcc20_var,label
Mozart ｜ Lacrimosa from Requiem in D minor ｜ Theremin choir and piano(1).wav.0.wav,66149,0.25889716,0.10273146,0.00782497,2.1339887e-05,970.8278654611876,117374.67174657571,1077.8691420520372,368693.964545519,1724.8095703125,1301299.3184731556,0.06076472355769231,0.0002169978124855538,2.4396476e-07,7.0079106e-05,1.0230742e-06,3.960931e-06,107.666015625,-556.33167,9412.647,185.70734,2591.7664,-19.273638,625.2455,1.0774248,174.709,-3.7839622,141.19273,-22.5298,161.10564,-15.064253,88.30559,-11.361419,99.212234,-8.927969,50.367886,-13.544582,109.86791,-13.991982,67.85226,-1.7367064,76.518234,0.36944342,150.73877,0.7410336,57.56837,-0.101239644,35.67983,-8.677897,42.897182,-12.828512,125.339195,-7.5794816,65.768524,1.584766,41.557167,6.324118,40.649876